[
  {
    "name": "Application Start",
    "start": 1571562350856,
    "end": 1571562379056,
    "duration": 28200,
    "pid": 6960,
    "index": 0
  },
  {
    "name": "Load Plugin",
    "start": 1571562350861,
    "end": 1571562350878,
    "duration": 17,
    "pid": 6960,
    "index": 1
  },
  {
    "name": "Load Config",
    "start": 1571562350879,
    "end": 1571562350898,
    "duration": 19,
    "pid": 6960,
    "index": 2
  },
  {
    "name": "Require(0) config/config.default.js",
    "start": 1571562350879,
    "end": 1571562350880,
    "duration": 1,
    "pid": 6960,
    "index": 3
  },
  {
    "name": "Require(1) node_modules/_egg-session@3.1.0@egg-session/config/config.default.js",
    "start": 1571562350882,
    "end": 1571562350882,
    "duration": 0,
    "pid": 6960,
    "index": 4
  },
  {
    "name": "Require(2) node_modules/_egg-security@2.6.1@egg-security/config/config.default.js",
    "start": 1571562350882,
    "end": 1571562350883,
    "duration": 1,
    "pid": 6960,
    "index": 5
  },
  {
    "name": "Require(3) node_modules/_egg-jsonp@2.0.0@egg-jsonp/config/config.default.js",
    "start": 1571562350884,
    "end": 1571562350884,
    "duration": 0,
    "pid": 6960,
    "index": 6
  },
  {
    "name": "Require(4) node_modules/_egg-onerror@2.1.0@egg-onerror/config/config.default.js",
    "start": 1571562350884,
    "end": 1571562350885,
    "duration": 1,
    "pid": 6960,
    "index": 7
  },
  {
    "name": "Require(5) node_modules/_egg-i18n@2.1.1@egg-i18n/config/config.default.js",
    "start": 1571562350885,
    "end": 1571562350885,
    "duration": 0,
    "pid": 6960,
    "index": 8
  },
  {
    "name": "Require(6) node_modules/_egg-watcher@3.1.0@egg-watcher/config/config.default.js",
    "start": 1571562350886,
    "end": 1571562350886,
    "duration": 0,
    "pid": 6960,
    "index": 9
  },
  {
    "name": "Require(7) node_modules/_egg-schedule@3.6.4@egg-schedule/config/config.default.js",
    "start": 1571562350886,
    "end": 1571562350886,
    "duration": 0,
    "pid": 6960,
    "index": 10
  },
  {
    "name": "Require(8) node_modules/_egg-multipart@2.9.0@egg-multipart/config/config.default.js",
    "start": 1571562350887,
    "end": 1571562350887,
    "duration": 0,
    "pid": 6960,
    "index": 11
  },
  {
    "name": "Require(9) node_modules/_egg-development@2.4.3@egg-development/config/config.default.js",
    "start": 1571562350888,
    "end": 1571562350888,
    "duration": 0,
    "pid": 6960,
    "index": 12
  },
  {
    "name": "Require(10) node_modules/_egg-logrotator@3.1.0@egg-logrotator/config/config.default.js",
    "start": 1571562350888,
    "end": 1571562350888,
    "duration": 0,
    "pid": 6960,
    "index": 13
  },
  {
    "name": "Require(11) node_modules/_egg-static@2.2.0@egg-static/config/config.default.js",
    "start": 1571562350889,
    "end": 1571562350889,
    "duration": 0,
    "pid": 6960,
    "index": 14
  },
  {
    "name": "Require(12) node_modules/_egg-view@2.1.2@egg-view/config/config.default.js",
    "start": 1571562350890,
    "end": 1571562350890,
    "duration": 0,
    "pid": 6960,
    "index": 15
  },
  {
    "name": "Require(13) node_modules/_egg-cors@2.2.0@egg-cors/config/config.default.js",
    "start": 1571562350890,
    "end": 1571562350890,
    "duration": 0,
    "pid": 6960,
    "index": 16
  },
  {
    "name": "Require(14) node_modules/_egg-sequelize@5.2.0@egg-sequelize/config/config.default.js",
    "start": 1571562350891,
    "end": 1571562350891,
    "duration": 0,
    "pid": 6960,
    "index": 17
  },
  {
    "name": "Require(15) node_modules/_egg@2.23.0@egg/config/config.default.js",
    "start": 1571562350892,
    "end": 1571562350892,
    "duration": 0,
    "pid": 6960,
    "index": 18
  },
  {
    "name": "Require(16) config/config.default.js",
    "start": 1571562350894,
    "end": 1571562350894,
    "duration": 0,
    "pid": 6960,
    "index": 19
  },
  {
    "name": "Require(17) node_modules/_egg-security@2.6.1@egg-security/config/config.local.js",
    "start": 1571562350895,
    "end": 1571562350895,
    "duration": 0,
    "pid": 6960,
    "index": 20
  },
  {
    "name": "Require(18) node_modules/_egg-watcher@3.1.0@egg-watcher/config/config.local.js",
    "start": 1571562350896,
    "end": 1571562350896,
    "duration": 0,
    "pid": 6960,
    "index": 21
  },
  {
    "name": "Require(19) node_modules/_egg-view@2.1.2@egg-view/config/config.local.js",
    "start": 1571562350897,
    "end": 1571562350897,
    "duration": 0,
    "pid": 6960,
    "index": 22
  },
  {
    "name": "Require(20) node_modules/_egg@2.23.0@egg/config/config.local.js",
    "start": 1571562350898,
    "end": 1571562350898,
    "duration": 0,
    "pid": 6960,
    "index": 23
  },
  {
    "name": "Load extend/application.js",
    "start": 1571562350900,
    "end": 1571562351160,
    "duration": 260,
    "pid": 6960,
    "index": 24
  },
  {
    "name": "Require(21) node_modules/_egg-session@3.1.0@egg-session/app/extend/application.js",
    "start": 1571562350900,
    "end": 1571562350994,
    "duration": 94,
    "pid": 6960,
    "index": 25
  },
  {
    "name": "Require(22) node_modules/_egg-security@2.6.1@egg-security/app/extend/application.js",
    "start": 1571562350995,
    "end": 1571562351011,
    "duration": 16,
    "pid": 6960,
    "index": 26
  },
  {
    "name": "Require(23) node_modules/_egg-jsonp@2.0.0@egg-jsonp/app/extend/application.js",
    "start": 1571562351012,
    "end": 1571562351072,
    "duration": 60,
    "pid": 6960,
    "index": 27
  },
  {
    "name": "Require(24) node_modules/_egg-logrotator@3.1.0@egg-logrotator/app/extend/application.js",
    "start": 1571562351076,
    "end": 1571562351086,
    "duration": 10,
    "pid": 6960,
    "index": 28
  },
  {
    "name": "Require(25) node_modules/_egg-view@2.1.2@egg-view/app/extend/application.js",
    "start": 1571562351090,
    "end": 1571562351156,
    "duration": 66,
    "pid": 6960,
    "index": 29
  },
  {
    "name": "Load extend/request.js",
    "start": 1571562351160,
    "end": 1571562351239,
    "duration": 79,
    "pid": 6960,
    "index": 30
  },
  {
    "name": "Require(26) node_modules/_egg@2.23.0@egg/app/extend/request.js",
    "start": 1571562351164,
    "end": 1571562351229,
    "duration": 65,
    "pid": 6960,
    "index": 31
  },
  {
    "name": "Load extend/response.js",
    "start": 1571562351240,
    "end": 1571562351333,
    "duration": 93,
    "pid": 6960,
    "index": 32
  },
  {
    "name": "Require(27) node_modules/_egg@2.23.0@egg/app/extend/response.js",
    "start": 1571562351252,
    "end": 1571562351326,
    "duration": 74,
    "pid": 6960,
    "index": 33
  },
  {
    "name": "Load extend/context.js",
    "start": 1571562351333,
    "end": 1571562351428,
    "duration": 95,
    "pid": 6960,
    "index": 34
  },
  {
    "name": "Require(28) node_modules/_egg-security@2.6.1@egg-security/app/extend/context.js",
    "start": 1571562351334,
    "end": 1571562351359,
    "duration": 25,
    "pid": 6960,
    "index": 35
  },
  {
    "name": "Require(29) node_modules/_egg-jsonp@2.0.0@egg-jsonp/app/extend/context.js",
    "start": 1571562351360,
    "end": 1571562351363,
    "duration": 3,
    "pid": 6960,
    "index": 36
  },
  {
    "name": "Require(30) node_modules/_egg-i18n@2.1.1@egg-i18n/app/extend/context.js",
    "start": 1571562351363,
    "end": 1571562351364,
    "duration": 1,
    "pid": 6960,
    "index": 37
  },
  {
    "name": "Require(31) node_modules/_egg-multipart@2.9.0@egg-multipart/app/extend/context.js",
    "start": 1571562351365,
    "end": 1571562351422,
    "duration": 57,
    "pid": 6960,
    "index": 38
  },
  {
    "name": "Require(32) node_modules/_egg-view@2.1.2@egg-view/app/extend/context.js",
    "start": 1571562351423,
    "end": 1571562351424,
    "duration": 1,
    "pid": 6960,
    "index": 39
  },
  {
    "name": "Require(33) node_modules/_egg-passport@2.1.0@egg-passport/app/extend/context.js",
    "start": 1571562351424,
    "end": 1571562351425,
    "duration": 1,
    "pid": 6960,
    "index": 40
  },
  {
    "name": "Require(34) node_modules/_egg@2.23.0@egg/app/extend/context.js",
    "start": 1571562351425,
    "end": 1571562351426,
    "duration": 1,
    "pid": 6960,
    "index": 41
  },
  {
    "name": "Load extend/helper.js",
    "start": 1571562351428,
    "end": 1571562352678,
    "duration": 1250,
    "pid": 6960,
    "index": 42
  },
  {
    "name": "Require(35) node_modules/_egg-security@2.6.1@egg-security/app/extend/helper.js",
    "start": 1571562351429,
    "end": 1571562352612,
    "duration": 1183,
    "pid": 6960,
    "index": 43
  },
  {
    "name": "Require(36) node_modules/_egg@2.23.0@egg/app/extend/helper.js",
    "start": 1571562352643,
    "end": 1571562352669,
    "duration": 26,
    "pid": 6960,
    "index": 44
  },
  {
    "name": "Load app.js",
    "start": 1571562352680,
    "end": 1571562355773,
    "duration": 3093,
    "pid": 6960,
    "index": 45
  },
  {
    "name": "Require(37) node_modules/_egg-session@3.1.0@egg-session/app.js",
    "start": 1571562352741,
    "end": 1571562352743,
    "duration": 2,
    "pid": 6960,
    "index": 46
  },
  {
    "name": "Require(38) node_modules/_egg-security@2.6.1@egg-security/app.js",
    "start": 1571562352745,
    "end": 1571562352988,
    "duration": 243,
    "pid": 6960,
    "index": 47
  },
  {
    "name": "Require(39) node_modules/_egg-onerror@2.1.0@egg-onerror/app.js",
    "start": 1571562352990,
    "end": 1571562353758,
    "duration": 768,
    "pid": 6960,
    "index": 48
  },
  {
    "name": "Require(40) node_modules/_egg-i18n@2.1.1@egg-i18n/app.js",
    "start": 1571562353759,
    "end": 1571562354091,
    "duration": 332,
    "pid": 6960,
    "index": 49
  },
  {
    "name": "Require(41) node_modules/_egg-watcher@3.1.0@egg-watcher/app.js",
    "start": 1571562354152,
    "end": 1571562354162,
    "duration": 10,
    "pid": 6960,
    "index": 50
  },
  {
    "name": "Require(42) node_modules/_egg-schedule@3.6.4@egg-schedule/app.js",
    "start": 1571562354163,
    "end": 1571562354180,
    "duration": 17,
    "pid": 6960,
    "index": 51
  },
  {
    "name": "Require(43) node_modules/_egg-multipart@2.9.0@egg-multipart/app.js",
    "start": 1571562354180,
    "end": 1571562354625,
    "duration": 445,
    "pid": 6960,
    "index": 52
  },
  {
    "name": "Require(44) node_modules/_egg-development@2.4.3@egg-development/app.js",
    "start": 1571562354625,
    "end": 1571562354626,
    "duration": 1,
    "pid": 6960,
    "index": 53
  },
  {
    "name": "Require(45) node_modules/_egg-logrotator@3.1.0@egg-logrotator/app.js",
    "start": 1571562354626,
    "end": 1571562354626,
    "duration": 0,
    "pid": 6960,
    "index": 54
  },
  {
    "name": "Require(46) node_modules/_egg-static@2.2.0@egg-static/app.js",
    "start": 1571562354664,
    "end": 1571562354664,
    "duration": 0,
    "pid": 6960,
    "index": 55
  },
  {
    "name": "Require(47) node_modules/_egg-cors@2.2.0@egg-cors/app.js",
    "start": 1571562354665,
    "end": 1571562354665,
    "duration": 0,
    "pid": 6960,
    "index": 56
  },
  {
    "name": "Require(48) node_modules/_egg-sequelize@5.2.0@egg-sequelize/app.js",
    "start": 1571562354677,
    "end": 1571562354678,
    "duration": 1,
    "pid": 6960,
    "index": 57
  },
  {
    "name": "Require(49) node_modules/_egg-passport@2.1.0@egg-passport/app.js",
    "start": 1571562354696,
    "end": 1571562355657,
    "duration": 961,
    "pid": 6960,
    "index": 58
  },
  {
    "name": "Require(50) app.js",
    "start": 1571562355660,
    "end": 1571562355758,
    "duration": 98,
    "pid": 6960,
    "index": 59
  },
  {
    "name": "Before Start in node_modules/_egg-watcher@3.1.0@egg-watcher/lib/init.js:15:14",
    "start": 1571562355818,
    "end": 1571562379034,
    "duration": 23216,
    "pid": 6960,
    "index": 60
  },
  {
    "name": "Load \"Symbol(model)\" to Application",
    "start": 1571562356160,
    "end": 1571562356180,
    "duration": 20,
    "pid": 6960,
    "index": 61
  },
  {
    "name": "Before Start in node_modules/_egg-sequelize@5.2.0@egg-sequelize/lib/loader.js:39:7",
    "start": 1571562356185,
    "end": 1571562379055,
    "duration": 22870,
    "pid": 6960,
    "index": 62
  },
  {
    "name": "Load Service",
    "start": 1571562356186,
    "end": 1571562372061,
    "duration": 15875,
    "pid": 6960,
    "index": 63
  },
  {
    "name": "Load \"service\" to Context",
    "start": 1571562356186,
    "end": 1571562372061,
    "duration": 15875,
    "pid": 6960,
    "index": 64
  },
  {
    "name": "Load Middleware",
    "start": 1571562372062,
    "end": 1571562376292,
    "duration": 4230,
    "pid": 6960,
    "index": 65
  },
  {
    "name": "Load \"middlewares\" to Application",
    "start": 1571562372062,
    "end": 1571562376135,
    "duration": 4073,
    "pid": 6960,
    "index": 66
  },
  {
    "name": "Load Controller",
    "start": 1571562376293,
    "end": 1571562378878,
    "duration": 2585,
    "pid": 6960,
    "index": 67
  },
  {
    "name": "Load \"controller\" to Application",
    "start": 1571562376293,
    "end": 1571562378878,
    "duration": 2585,
    "pid": 6960,
    "index": 68
  },
  {
    "name": "Load Router",
    "start": 1571562378878,
    "end": 1571562378903,
    "duration": 25,
    "pid": 6960,
    "index": 69
  },
  {
    "name": "Require(51) app/router.js",
    "start": 1571562378879,
    "end": 1571562378891,
    "duration": 12,
    "pid": 6960,
    "index": 70
  },
  {
    "name": "Before Start in node_modules/_egg-core@4.17.3@egg-core/lib/egg.js:303:10",
    "start": 1571562378893,
    "end": 1571562378952,
    "duration": 59,
    "pid": 6960,
    "index": 71
  }
]