{
"books":[
    {
     "id":"0",   
    "title":"《朱自清散文集》",
    "author":"朱自清",
    "study":"学习方法一",
    "content":"注意力集中"
    },
    {
    "id":"1",   
    "title":"《解忧杂货铺》",
    "author":"东野圭吾",
    "study":"学习方法2",
    "content":"写字好看"
    },
    {
    "id":"2",   
    "title":"《嫌疑人X的献身》",
    "author":"东野圭吾",
    "study":"学习方法3",
    "content":"有耐心解决问题"
    },
    {
    "id":"3",   
    "title":"《朝花夕拾》",
    "author":"鲁迅",
    "study":"学习方法3",
    "content":"有耐心解决问题"
    },
    {
    "id":"4",   
    "title":"《茶馆》",
    "author":"老舍",
    "study":"学习方法3",
    "content":"有耐心解决问题"
    },
    {
    "id":"5",   
    "title":"《美文集》",
    "author":"不知道，随便编的",
    "study":"学习方法3",
    "content":"有耐心解决问题"
    }
]
}