{
  "id": "1459458",
  "name": "VueProject",
  "font_family": "iconfont",
  "css_prefix_text": "icon",
  "description": "",
  "glyphs": [
    {
      "icon_id": "106850",
      "name": "笑",
      "font_class": "bqxiao",
      "unicode": "e68a",
      "unicode_decimal": 59018
    },
    {
      "icon_id": "970780",
      "name": "太阳",
      "font_class": "taiyang-copy",
      "unicode": "e64c",
      "unicode_decimal": 58956
    },
    {
      "icon_id": "1117141",
      "name": "雪",
      "font_class": "xue",
      "unicode": "e611",
      "unicode_decimal": 58897
    },
    {
      "icon_id": "1693671",
      "name": "多云",
      "font_class": "duoyun",
      "unicode": "e631",
      "unicode_decimal": 58929
    },
    {
      "icon_id": "3216260",
      "name": "大风",
      "font_class": "icon--",
      "unicode": "e79c",
      "unicode_decimal": 59292
    },
    {
      "icon_id": "4933244",
      "name": "笑脸",
      "font_class": "xiaolian",
      "unicode": "e702",
      "unicode_decimal": 59138
    },
    {
      "icon_id": "5387989",
      "name": "表情_o",
      "font_class": "biaoqing_o",
      "unicode": "ebab",
      "unicode_decimal": 60331
    },
    {
      "icon_id": "6134699",
      "name": "雷雨",
      "font_class": "leiyu",
      "unicode": "e691",
      "unicode_decimal": 59025
    },
    {
      "icon_id": "6260272",
      "name": "表情",
      "font_class": "biaoqing",
      "unicode": "e603",
      "unicode_decimal": 58883
    },
    {
      "icon_id": "6582291",
      "name": "大雨",
      "font_class": "dayu",
      "unicode": "e619",
      "unicode_decimal": 58905
    },
    {
      "icon_id": "6897699",
      "name": "雾",
      "font_class": "wu",
      "unicode": "e690",
      "unicode_decimal": 59024
    },
    {
      "icon_id": "7902187",
      "name": "小雨",
      "font_class": "weather_rain_light_big",
      "unicode": "e632",
      "unicode_decimal": 58930
    },
    {
      "icon_id": "8089723",
      "name": "表情",
      "font_class": "iconfront-",
      "unicode": "e61b",
      "unicode_decimal": 58907
    },
    {
      "icon_id": "8219237",
      "name": "表情",
      "font_class": "biaoqing1",
      "unicode": "e609",
      "unicode_decimal": 58889
    },
    {
      "icon_id": "9225436",
      "name": "伤心表情",
      "font_class": "shangxinbiaoqing",
      "unicode": "e69d",
      "unicode_decimal": 59037
    },
    {
      "icon_id": "9225442",
      "name": "生气表情",
      "font_class": "shengqibiaoqing",
      "unicode": "e69f",
      "unicode_decimal": 59039
    }
  ]
}
